titulo,precio_mxn,color
Anillo De Compromiso Enya Oro Blanco,36040.0,Oro Blanco
Anillo De Compromiso Miloro En Oro Blanco De 18K Con Diamante BBIAN-S2B-100,421525.0,Oro Blanco
Anillo De Compromiso Roseta En Oro Blanco De 14K Con Diamante SDPRE-2127,32525.0,Oro Blanco
Anillo De Compromiso Roseta En Oro Blanco De 14K Con Diamante SDPRE-4828,43250.0,Oro Blanco
Anillo De Compromiso Oro Con 6 Punt,20095.0,Oro Amarillo
Anillo De Compromiso Tu Y Yo En Oro Blanco De 14K Con Diamante SDPRE-2140,45750.0,Oro Blanco
Anillo De Compromiso Arim En Oro Amarillo De 14K Con Diamante BBIHAN-09-38,53905.0,Oro Amarillo
Anillo De Compromiso Miloro En Oro Amarillo De 18K Con Diamante BBIAN-S2-70,242380.0,Oro Amarillo
Anillo De Compromiso Miloro En Oro Blanco De 18K Con Diamante BBIAN-S2B-50,150030.0,Oro Blanco
Solitario Infinito Oro Blanco 30 Pts,79010.0,Oro Blanco
Anillo De Compromiso Ilusion En Oro Blanco De 14K Con Diamante BBIAN-F246B6,34015.0,Oro Blanco
Anillo De Compromiso Altair Oro Con,48475.0,Oro Amarillo
Solitario Aine Oro Blanco,12495.0,Oro Blanco
Anillo De Compromiso Clásico En Oro Blanco De 14K Con Diamante BBICMAN7305B5,28340.0,Oro Blanco
Anillo De Compromiso Analia Oro Con,12595.0,Oro Amarillo
Anillo De Compromiso Edrie En Oro Blanco De 14K Con Diamante BBIAN-G206B15,39815.0,Oro Blanco
Anillo De Compromiso Lush En Oro Blanco De 14K Con Diamante SDPRP-1894,47895.0,Oro Blanco
Anillo De Compromiso Tu Y Yo En Oro Rosa Y Blanco De 14K Con Diamante RM58427,23495.0,Oro Rosa y Blanco
Anillo De Compromiso Nexus En Oro Amarillo De 14K Con Diamante RM58254,41840.0,Oro Amarillo
Anillo De Compromiso Roseta En Oro Amarillo Y Blanco De 14K Con Diamante GVRAYWD016A0600042,29665.0,Oro Amarillo y Blanco
Anillo De Compromiso Clásico En Oro Amarillo De 14K Con Diamante BBIJMAN422-4,23800.0,Oro Amarillo
Anillo De Compromiso Virginia Oro Blanco,18670.0,Oro Blanco
Anillo De Compromiso Cadee Oro Rosa,25995.0,Oro Rosa
Anillo De Compromiso Caoil En Oro Blanco De 14K Con Diamante BBIHMAN463B25,33795.0,Oro Blanco
Anillo De Compromiso Raisa Oro Blanco 14,12155.0,Oro Blanco
Anillo De Compromiso Honna Oro Blanco 14,55805.0,Oro Blanco
Anillo De Compromiso Miloro Oro Blanco 1,18000.0,Oro Blanco
Anillo De Compromiso Miloro En Oro Amarillo De 14K Con Diamante BBIHAN-S2-30,70275.0,Oro Amarillo
Solitario Tiff Bicolor 14K 30 Puntos BB72,47385.0,Oro Amarillo y Blanco
Anillo De Compromiso Alezza En Oro Blanco De 14K Con Diamante BBIHANF495B57,85210.0,Oro Blanco
Anillo De Compromiso Naeele En Oro Blanco De 14K Con Diamante BBICMAN744B17,24755.0,Oro Blanco
Anillo De Compromiso Brillante En Oro Amarillo De 14K Con Diamante BBICMAN7436-8,31270.0,Oro Amarillo
Solitario Oro Blanco 14K 14 Puntos Diam BB72,34805.0,Oro Blanco
Anillo De Compromiso Rene Oro Con 9,21255.0,Oro Amarillo
Anillo De Compromiso Zaira Oro Blanco 14,19215.0,Oro Blanco
Anillo De Compromiso Zita Oro 14K Con 9 BB72,39580.0,Oro Amarillo
Anillo De Compromiso Blanca En Oro Blanco De 14K Con Diamante BBICMAN236B10,17585.0,Oro Blanco
Solitario Nina Oro Blanco 15 Puntos,25750.0,Oro Blanco
Solitario Oro Rosa 6 Puntos,20340.0,Oro Rosa
Solitario Alma Oro Rosa 10 Puntos,19480.0,Oro Rosa
Anillo De Compromiso Graziella Oro C,17730.0,Oro Amarillo
Anillo De Compromiso Jessica Oro Blanco,37390.0,Oro Blanco
Anillo De Compromiso Miloro En Oro Amarillo De 18K Con Diamante BBIAN-S2-50,150030.0,Oro Amarillo
Anillo De Compromiso Miloro Oro Con,27285.0,Oro Amarillo
Anillo De Compromiso Miloro En Oro Rosa Y Blanco De 14K Con Diamante BBIANH427BR40,89145.0,Oro Rosa y Blanco
Solitario Oro Blanco Con Rodio Rosa De,77765.0,Oro Rosa
Solitario Con Rodio Blanco De Con 15,45320.0,Oro Blanco
Solitario Luz Oro 14 Puntos,20240.0,Oro Amarillo
